age,annual_income,existing_debt,late_payments_last_2y,employment_years,loan_amount,employment_type,creditworthy
25,222780,1162,3,18,125743,salaried,1
55,132439,101956,4,18,166698,salaried,0
50,246573,134265,1,6,129838,salaried,1
40,196323,99164,4,24,120849,salaried,1
40,171449,69112,7,21,96135,contract,0
59,228249,149139,1,23,52746,salaried,1
24,140893,66786,2,14,59749,salaried,1
52,187157,127896,5,27,150407,salaried,0
30,89064,83545,4,12,18613,salaried,0
25,241723,4784,5,24,21473,salaried,1
44,165258,95493,4,6,82350,self_employed,0
64,200951,8902,5,7,156012,salaried,0
54,128666,167573,4,16,133122,self_employed,0
55,220031,108281,0,17,120047,contract,0
53,41690,66966,6,23,109156,self_employed,0
56,50673,87515,3,9,26596,self_employed,1
44,139101,111452,0,27,69700,salaried,1
26,189793,46833,3,10,20503,salaried,1
58,207075,51911,3,16,152841,salaried,1
41,124020,75358,0,28,151413,contract,1
43,171177,46543,7,16,55328,self_employed,0
37,149448,136424,1,21,62122,salaried,1
29,241343,18686,2,28,66903,salaried,1
62,172173,148790,3,30,178414,self_employed,0
56,118790,62735,6,15,100263,self_employed,0
49,243209,101020,5,12,153605,salaried,0
39,49132,28396,6,6,92521,contract,0
58,246531,69366,1,16,141147,self_employed,1
45,59653,135828,6,28,108024,self_employed,0
40,89851,48725,6,15,59328,salaried,0
41,209831,23809,3,10,175879,salaried,0
31,190095,93945,4,3,143244,contract,0
25,243330,29248,0,12,155021,self_employed,1
45,193747,56655,6,7,189889,salaried,0
60,168327,81083,7,30,53510,self_employed,0
23,102961,101537,3,16,22854,salaried,0
59,26060,115088,4,4,118543,self_employed,0
58,52870,121798,3,2,68602,salaried,1
33,92000,151972,0,26,89977,self_employed,1
49,34213,11894,4,28,50761,salaried,1
28,139340,65218,5,23,82701,salaried,0
55,199902,192,7,3,81684,salaried,0
52,241733,1699,7,3,73358,self_employed,1
36,135182,38210,3,6,149755,salaried,0
24,221877,107666,7,23,120567,salaried,0
64,246747,161012,4,23,97477,self_employed,1
41,218462,139238,5,25,26979,salaried,1
61,129619,116332,4,3,116293,salaried,0
51,98183,140070,7,4,39129,salaried,0
56,245032,30953,5,27,66260,contract,0
55,79430,151171,0,28,85907,salaried,1
29,117605,160248,0,22,32551,salaried,0
37,41656,17109,3,3,80950,salaried,0
42,203579,84592,4,2,57052,salaried,1
43,171214,149407,5,1,170704,salaried,0
22,44084,85696,3,21,172638,salaried,0
45,74934,151285,4,26,5890,salaried,0
27,149979,168398,7,19,122471,salaried,0
54,146593,85440,2,8,129908,contract,1
51,205464,10707,3,23,78708,salaried,1
62,84872,61209,4,1,96479,salaried,0
54,233058,38732,3,25,159032,contract,0
37,125007,85341,7,27,78703,contract,0
64,210082,105439,7,22,17569,self_employed,0
39,78635,83502,4,27,77639,salaried,0
35,33318,35187,3,18,54509,salaried,1
61,37387,54209,4,14,79631,salaried,0
37,108858,122315,1,9,49870,salaried,1
24,239460,4856,3,28,34225,salaried,1
42,35957,38536,1,21,197147,salaried,0
56,108020,160622,1,5,30129,salaried,0
29,49588,17848,0,29,142689,self_employed,1
41,234602,74654,4,1,144928,salaried,0
26,176944,37257,0,18,125468,salaried,1
51,196606,18837,5,5,182734,self_employed,0
42,185483,76092,3,20,5972,contract,1
35,172831,93860,2,12,63817,salaried,1
31,199087,31705,6,13,40940,salaried,0
46,26828,14003,4,20,117501,salaried,0
51,219728,24244,5,23,128931,salaried,1
63,191470,117278,5,11,180091,self_employed,0
40,191372,154851,0,30,79045,salaried,1
28,113523,32452,1,15,51000,salaried,1
58,205196,57671,4,4,185235,salaried,0
49,110909,61887,7,0,136233,salaried,0
52,36016,64936,1,6,154121,salaried,0
25,229259,43974,0,21,91771,salaried,1
35,77770,9948,7,16,92240,contract,0
55,47927,94528,7,10,80864,self_employed,0
58,164927,64326,1,14,151156,salaried,0
40,77572,61606,3,25,46070,salaried,1
57,218079,47665,5,17,195204,self_employed,1
58,124844,167282,1,1,39305,salaried,0
38,26012,109887,2,1,94891,salaried,0
61,239137,75364,3,14,66349,self_employed,1
33,140792,36970,5,12,130293,salaried,0
31,84170,144203,2,26,137735,salaried,1
51,177390,159906,3,18,184140,salaried,0
49,144387,5817,2,23,158898,salaried,0
27,31661,167340,6,18,53491,salaried,0
58,195921,125896,1,10,45298,contract,1
29,115305,17969,1,20,177879,salaried,1
57,182459,135568,1,19,100135,salaried,1
21,226518,19332,7,22,24021,self_employed,0
56,162388,9155,7,5,165870,salaried,0
56,176113,20758,4,19,131448,salaried,0
56,82296,82770,1,8,9986,salaried,0
50,78473,111523,6,24,157654,self_employed,0
42,118375,73318,3,24,123438,salaried,0
52,216876,21954,6,19,124848,self_employed,1
33,142943,35850,2,29,173663,contract,1
56,103307,153429,7,16,101629,self_employed,0
46,200413,173273,6,0,94947,contract,0
41,217003,135769,1,18,125383,self_employed,0
43,228070,18614,5,24,43567,contract,1
46,92262,147566,2,3,34574,self_employed,0
22,184669,124558,2,3,169537,self_employed,0
27,157822,94691,2,8,47036,self_employed,0
32,126019,25783,5,26,103347,contract,0
26,114311,179402,2,16,57630,salaried,0
40,50774,79669,5,30,49939,self_employed,0
51,86835,7951,4,27,121567,salaried,1
50,148675,37794,6,17,161461,contract,0
42,224476,72228,7,21,91171,salaried,0
59,219927,11218,0,10,32052,self_employed,1
46,67208,58308,7,2,52673,self_employed,0
24,177848,84313,0,12,37092,contract,1
55,44082,170757,4,18,177148,salaried,0
46,176878,15547,2,5,67308,self_employed,0
49,101933,103835,5,6,77915,self_employed,0
46,126216,164837,5,0,18852,contract,0
45,186469,145115,6,22,91976,contract,0
25,120600,166490,3,27,183216,salaried,0
46,206672,30661,7,25,84892,salaried,1
56,145056,144242,2,11,131993,salaried,0
34,249718,176155,1,18,40479,contract,1
48,168604,58686,3,29,32873,salaried,1
22,91681,89755,4,18,147667,self_employed,0
36,199440,95551,5,9,17818,self_employed,0
40,116787,88861,6,10,92449,salaried,0
65,145188,52161,1,22,66757,salaried,0
30,55784,174760,2,13,8170,salaried,1
33,51852,172170,7,25,108585,contract,0
39,154346,68532,3,26,192983,salaried,0
65,67005,144953,1,1,18483,salaried,0
59,249456,71554,7,22,164074,self_employed,0
22,217527,143066,3,11,110140,salaried,0
31,182698,105256,7,16,146094,contract,0
57,190308,84631,7,8,23827,salaried,0
23,158923,23049,7,11,174473,salaried,0
59,38565,117827,4,10,7226,salaried,0
33,113283,57795,6,1,181828,salaried,0
62,136555,39034,7,24,133272,salaried,0
34,230943,34777,2,4,70810,self_employed,0
40,74385,176738,0,11,6384,salaried,1
50,136806,18591,2,5,124137,salaried,1
26,102415,143735,5,4,22049,salaried,0
46,55232,155906,4,11,123718,salaried,0
43,48179,5589,0,28,155764,contract,1
56,107210,106080,4,29,57123,salaried,0
65,43544,103933,1,11,51551,contract,1
50,40112,64561,4,15,48280,salaried,1
39,103945,120009,4,30,48843,salaried,0
39,70445,73560,5,7,27212,salaried,0
39,149832,79144,3,29,53692,salaried,1
57,28975,77673,3,3,133566,self_employed,1
35,92908,144122,5,7,63991,salaried,0
28,126988,113967,5,10,157279,salaried,0
36,241708,68228,6,1,164762,self_employed,1
22,167772,166819,2,25,153386,self_employed,0
25,223162,144371,3,26,110208,contract,0
25,102241,167901,2,11,66674,contract,1
55,126185,131490,4,25,186330,self_employed,0
53,119586,70468,1,23,45025,self_employed,0
52,224664,139130,3,24,95579,self_employed,1
41,240823,59267,1,24,93455,salaried,1
53,241526,48767,4,17,150390,self_employed,1
28,194192,81188,6,3,111629,salaried,0
61,138200,174475,7,28,160906,self_employed,0
43,146693,102228,3,18,184222,contract,0
63,245615,69065,0,27,81172,salaried,1
27,89021,83127,1,29,175591,self_employed,1
43,103009,52419,0,5,38088,contract,1
52,226825,118576,6,12,183632,salaried,0
43,111922,63076,7,5,39708,salaried,0
41,77897,99792,4,1,170802,contract,0
28,151106,66567,1,29,81098,contract,1
38,98202,57729,0,28,193094,salaried,1
31,225447,174643,7,28,30193,salaried,0
34,229540,62231,2,27,95772,self_employed,1
51,93852,12693,0,20,180867,salaried,1
49,144147,68147,1,16,14257,salaried,0
48,246399,95786,2,30,56678,salaried,1
37,192022,17035,5,17,21294,salaried,1
64,73516,55023,7,19,67648,salaried,0
24,157918,29891,2,6,81104,self_employed,1
36,164475,90117,5,23,125684,self_employed,1
26,172024,130161,0,25,55249,self_employed,1
36,30627,174327,0,21,35943,salaried,1
64,92361,70037,0,15,38138,salaried,1
37,217288,155387,7,6,187989,salaried,0
61,79308,38617,4,1,190875,salaried,0
43,92431,140490,6,19,48174,salaried,0
52,97561,101281,0,21,43107,salaried,1
41,64912,136471,0,23,15568,salaried,1
32,59974,135997,6,29,192079,salaried,0
55,103078,95838,0,15,142700,self_employed,0
64,221721,46336,1,25,153364,self_employed,1
32,25345,94713,4,22,61662,contract,0
56,88730,148823,4,8,129985,self_employed,0
32,38641,174719,1,26,16662,salaried,1
53,151335,166951,3,1,136824,salaried,0
56,81385,32664,5,18,118033,salaried,0
41,203195,107531,3,29,69637,salaried,1
54,156629,18827,3,20,143542,salaried,1
33,201361,120411,0,29,131053,salaried,1
24,167854,178621,3,1,90605,salaried,0
25,123637,9463,6,16,41405,salaried,0
41,218718,118183,5,24,9595,self_employed,0
61,132158,170194,7,19,187853,self_employed,0
26,238736,152494,1,27,59865,self_employed,0
41,248808,70647,0,14,63850,self_employed,1
52,157530,18706,4,21,137808,salaried,0
30,176785,166302,1,13,54761,salaried,0
53,82524,165838,4,27,78272,self_employed,0
34,208294,104216,7,3,143677,salaried,0
57,176108,176202,2,7,121098,salaried,0
47,228075,831,4,2,133008,salaried,1
45,85077,110990,5,21,5910,contract,0
28,202208,6937,1,7,93003,self_employed,1
41,130812,168425,7,9,97677,salaried,1
59,66665,122476,1,25,128327,self_employed,0
21,63519,164418,6,11,34534,salaried,0
55,151488,101280,5,4,36101,salaried,0
43,96876,14987,1,0,153674,salaried,0
53,47926,4775,5,7,136299,salaried,0
50,121108,60403,1,28,163181,self_employed,0
40,171908,133823,4,17,57769,salaried,1
34,96763,27185,7,30,199533,self_employed,0
49,239954,153387,7,6,58203,salaried,0
27,200398,43107,6,10,131938,self_employed,0
47,140365,89355,3,5,36625,self_employed,1
25,235298,36554,4,12,184108,self_employed,1
50,122419,83836,2,17,69813,self_employed,1
49,56425,81391,7,25,161484,contract,0
24,33064,985,3,11,69594,salaried,0
55,236056,102206,6,23,159216,self_employed,1
39,240950,141597,2,19,93565,self_employed,0
56,191332,168530,5,9,17185,salaried,1
22,48175,59529,1,28,42131,salaried,0
29,91071,158506,5,13,138271,salaried,0
43,34242,158178,0,4,42636,salaried,0
29,36530,177909,0,29,58687,salaried,0
35,80365,67151,2,28,110639,salaried,1
50,153732,153161,3,1,54344,self_employed,0
27,39744,101714,5,27,30131,salaried,0
51,246536,10488,2,29,126738,self_employed,1
25,127401,48661,0,25,139335,salaried,1
28,84365,120969,2,7,147945,self_employed,0
47,141120,28906,3,19,189070,salaried,1
56,202785,78252,4,16,29276,salaried,1
28,95328,139484,5,19,88225,salaried,0
34,35690,26956,1,19,50629,self_employed,1
62,36466,89386,4,19,180716,salaried,0
65,216697,38674,5,15,110259,contract,0
47,50110,96568,6,21,24171,salaried,0
41,168002,43328,4,16,139969,salaried,0
36,111513,173775,6,0,13376,salaried,0
48,199942,13806,1,1,58463,self_employed,1
47,38618,173445,5,29,145667,salaried,0
34,227004,142538,0,28,103671,salaried,1
22,182093,154016,0,18,153399,salaried,1
27,126087,153272,6,5,116382,salaried,0
64,71579,33769,3,24,169397,salaried,0
39,244857,167597,4,4,114700,contract,0
42,92966,106969,4,11,16079,salaried,1
42,135365,173189,5,10,18896,salaried,0
56,113678,158067,1,0,156497,contract,0
23,76874,104330,1,25,12527,salaried,1
24,118737,67403,0,15,78425,salaried,1
33,59084,21111,6,9,8140,self_employed,0
42,25373,18199,1,15,64151,contract,0
51,90248,70148,4,0,121052,self_employed,0
43,50215,145974,3,13,38739,salaried,1
40,118325,90962,1,16,95889,contract,0
63,219122,86717,3,10,199224,salaried,0
28,61578,44001,0,25,18746,contract,0
46,25277,101591,1,7,17414,self_employed,0
45,49996,114854,1,4,57893,contract,0
42,139338,176786,6,16,166267,salaried,0
57,86838,131295,4,27,84130,salaried,0
33,135138,109298,7,11,129702,self_employed,0
63,31580,163814,3,1,11604,salaried,0
35,99946,76496,1,30,148341,salaried,1
45,117280,168291,4,13,18148,contract,0
44,122049,66597,7,5,143785,self_employed,0
59,149011,23000,4,19,33844,salaried,0
40,200631,75171,0,9,172395,salaried,1
33,130127,23178,2,29,62746,salaried,0
21,214271,21311,7,9,40839,salaried,0
37,144190,158618,4,17,70657,salaried,0
58,83578,143055,7,16,5160,self_employed,0
21,76529,39818,4,7,37199,self_employed,1
61,97560,150789,0,15,121713,salaried,0
45,159429,12402,6,3,63652,salaried,0
27,79558,51191,6,19,74002,self_employed,0
34,230689,127099,5,23,162410,self_employed,1
45,132969,54683,7,29,29138,contract,0
35,219237,131491,1,10,82199,salaried,1
25,178733,157381,7,8,41297,self_employed,0
50,100004,11891,1,17,99155,salaried,1
51,76357,4314,7,21,69691,salaried,0
26,192388,169201,1,30,14014,contract,1
33,99415,93682,4,0,18695,salaried,0
31,80545,91165,6,7,171206,salaried,0
50,234337,83462,0,8,16098,salaried,0
53,133592,78050,0,7,157629,salaried,0
53,35928,124223,6,14,183626,salaried,0
63,136323,104354,0,27,95833,self_employed,1
55,128673,29410,4,0,65860,salaried,0
35,219393,112795,7,25,156382,salaried,0
25,185101,120300,4,19,196535,contract,0
48,68055,20448,3,19,28483,salaried,1
62,58852,67812,3,21,193052,contract,0
64,160809,142292,5,3,189029,salaried,0
31,35659,111369,4,23,32801,salaried,1
31,96778,24546,4,7,15674,salaried,0
22,56096,7217,1,16,144410,self_employed,1
27,29626,104618,5,20,20145,salaried,0
45,231736,83111,5,18,122157,contract,0
45,45209,172990,5,10,17627,salaried,0
37,27083,94005,0,12,139676,self_employed,1
34,234901,167668,5,14,50182,salaried,1
58,67372,38578,5,1,23757,salaried,0
41,208726,80521,1,22,17990,salaried,1
57,32038,25132,6,3,41769,salaried,0
64,59550,103361,4,14,110447,salaried,1
35,49891,33925,3,20,19944,self_employed,1
30,183909,88607,5,2,161444,salaried,0
63,164534,61945,4,30,122806,salaried,0
49,131988,33431,4,11,62974,salaried,0
34,79368,17425,2,0,197386,salaried,0
48,44993,92169,7,20,133415,salaried,0
44,153073,170518,7,17,136037,self_employed,0
61,76910,35774,1,19,38919,salaried,1
32,157794,72899,5,23,143599,contract,0
65,179680,40429,0,14,114043,salaried,0
63,216123,145615,2,25,196995,salaried,1
29,136147,74682,7,11,98209,contract,0
28,26066,175396,1,16,137212,salaried,0
44,88150,44130,3,4,71520,salaried,0
23,217008,14532,1,19,12835,contract,1
34,144982,104854,5,8,29943,contract,0
40,164302,117301,3,21,174066,self_employed,1
64,128010,178334,4,24,148934,salaried,1
65,61617,156854,7,26,76112,self_employed,1
27,226759,159151,4,28,141076,contract,1
61,198911,114162,5,3,5850,contract,0
25,248917,64767,0,4,12250,salaried,1
54,217486,77225,1,28,103911,salaried,1
59,90505,24074,7,11,126868,salaried,0
61,82209,77594,6,0,187718,salaried,0
31,80906,65599,5,8,153134,self_employed,0
61,231729,6461,3,25,55179,salaried,1
26,150310,36804,1,11,163952,salaried,0
44,127253,96228,6,2,100845,salaried,0
42,242859,66482,6,22,166076,salaried,1
35,160771,178838,1,6,38886,salaried,0
21,229623,86135,4,10,10114,salaried,1
55,246547,172568,4,0,16250,salaried,1
36,42875,118928,3,18,198223,contract,0
50,106345,7271,7,13,20706,salaried,0
39,190182,36620,0,26,188174,salaried,1
37,207961,127044,2,10,146767,salaried,1
60,58409,98121,0,6,33477,salaried,1
25,96640,54317,5,5,173495,salaried,1
54,148339,93975,5,6,33121,salaried,1
54,204823,162538,7,13,32943,salaried,1
38,50417,69967,4,2,117227,salaried,0
32,160165,8120,1,12,61222,self_employed,1
21,91699,55972,3,26,61710,salaried,0
63,73680,168458,0,23,43030,salaried,1
63,140965,137120,5,19,123498,self_employed,1
31,118156,150746,5,27,10236,salaried,0
22,168035,164090,6,24,52789,salaried,1
26,96468,21150,2,20,112919,salaried,0
24,210237,50881,2,26,99876,salaried,1
58,42574,10768,0,3,141485,salaried,0
61,218923,852,3,25,47167,contract,0
27,31712,150248,3,9,131336,contract,0
54,190577,168651,6,22,153189,contract,0
29,102958,28036,6,28,80670,salaried,0
37,111250,129991,1,15,55078,salaried,1
47,29282,96282,2,2,113227,salaried,0
53,182973,12460,4,11,117878,salaried,0
60,62234,164834,2,12,23349,salaried,0
23,173310,156823,0,29,115197,salaried,1
29,188166,102141,6,29,35089,salaried,1
33,215179,127420,5,17,115921,salaried,0
34,184321,71502,4,29,186700,salaried,0
65,92837,142711,2,13,109729,self_employed,0
55,191181,80103,6,12,153494,salaried,1
35,210839,178052,0,25,65392,contract,1
64,96359,11361,3,20,184935,salaried,0
43,52939,30987,6,16,163488,salaried,0
43,225255,174376,7,14,183753,salaried,1
40,58286,51980,2,21,149612,salaried,1
27,158612,55918,5,23,131632,salaried,0
63,78163,142430,1,15,107375,salaried,1
21,53356,34085,0,0,186007,self_employed,1
28,199694,92437,2,3,170398,salaried,0
31,57336,51488,7,4,86257,salaried,0
33,175801,35628,5,14,21702,contract,0
26,180947,173588,3,19,5705,salaried,0
21,38551,35981,2,24,50529,salaried,1
51,63912,16971,1,7,17201,salaried,1
64,203732,121309,2,24,46243,salaried,1
26,139141,156115,1,20,26350,salaried,1
34,52304,22949,1,1,196306,salaried,0
43,248150,127412,5,10,23594,self_employed,1
62,84622,97342,1,9,127244,salaried,1
52,25901,149404,0,27,73582,salaried,0
55,232938,22851,4,28,38972,salaried,1
47,28730,175662,2,25,141748,contract,0
39,149506,111440,3,16,194259,self_employed,0
29,248445,151588,1,15,159177,contract,1
59,155007,65153,1,9,195172,self_employed,1
57,156544,169809,3,23,120092,self_employed,1
22,112339,112745,5,2,136347,salaried,0
53,53554,22848,3,8,33555,contract,1
24,153856,166123,4,4,171222,salaried,0
54,226893,143242,4,15,150841,salaried,0
58,45498,54036,2,9,54534,self_employed,0
26,223086,98222,2,6,74186,salaried,1
40,118385,69851,3,11,124124,salaried,0
26,145645,97829,0,26,7533,salaried,1
46,62216,173768,5,17,164493,salaried,0
62,164903,161806,4,25,59715,self_employed,1
24,66029,38797,2,28,19620,salaried,1
38,86467,174925,2,27,69467,self_employed,0
64,187363,78830,2,10,167975,salaried,1
34,36366,126871,5,27,58478,self_employed,0
26,125616,137560,6,28,110142,salaried,0
42,158778,86929,0,29,163315,contract,1
43,54706,82198,3,10,11573,salaried,0
50,91320,82153,0,7,153186,salaried,0
35,102288,155259,3,18,61295,salaried,0
64,174315,69541,1,28,140633,salaried,1
44,244760,50386,2,27,41678,salaried,1
33,213156,65088,3,17,32106,self_employed,0
64,67697,35079,2,4,158718,contract,0
62,29086,70471,3,13,162528,self_employed,1
43,36680,20534,6,22,196359,salaried,0
22,159036,16155,6,17,137049,salaried,0
47,60158,130293,0,10,95846,self_employed,0
45,77038,13938,3,10,42993,self_employed,0
27,215663,102277,6,1,62567,salaried,0
49,221625,140377,4,8,131378,contract,0
58,213782,130407,1,20,72490,salaried,1
25,82074,80293,4,7,99285,self_employed,0
53,164429,34853,1,30,37772,contract,1
27,162423,167524,0,2,90673,self_employed,0
54,66680,150329,5,18,51404,salaried,0
39,149547,110200,4,15,26864,self_employed,0
21,143183,15617,6,25,30730,salaried,1
64,114137,6331,2,27,106069,self_employed,1
28,194124,56739,6,16,76452,salaried,1
47,177465,28354,3,19,24486,self_employed,0
29,144847,154865,5,21,105288,contract,0
62,188298,37047,0,16,37029,salaried,1
54,196700,50877,0,5,8011,salaried,0
57,152561,175633,6,13,30846,self_employed,0
40,85226,147287,6,7,92462,salaried,0
42,195645,39366,7,14,191052,salaried,0
49,186463,69038,2,19,52126,salaried,1
56,246269,92836,0,6,60548,salaried,1
59,58701,119569,7,7,52317,self_employed,0
21,119336,168512,4,25,74265,salaried,0
50,232951,156803,1,11,144879,salaried,1
25,140781,175895,6,6,67806,salaried,0
33,237091,7316,7,22,133226,salaried,0
58,27805,42545,2,22,180159,salaried,0
32,32913,101340,6,25,189506,self_employed,0
56,204107,8841,6,23,114778,salaried,1
41,105647,63961,4,30,144082,salaried,1
31,142052,27648,5,17,184237,contract,1
36,121302,167926,2,8,158405,salaried,0
44,116791,11399,7,26,63485,self_employed,0
55,236382,26712,7,8,30745,salaried,1
48,46166,35122,7,9,27392,salaried,0
62,198749,26747,5,25,177001,salaried,1
60,225173,102343,0,27,113463,self_employed,1
54,172918,65582,2,10,62787,self_employed,0
48,113877,164241,3,22,72380,salaried,0
34,61003,46947,7,28,59928,salaried,0
39,178581,96699,4,24,161372,salaried,0
26,130479,118816,4,0,124420,self_employed,0
37,58609,112678,1,20,176488,self_employed,0
62,105921,143349,6,5,63845,self_employed,0
40,241349,36336,2,26,97152,contract,1
26,84712,91342,0,2,28738,salaried,0
50,65149,144105,7,30,194415,self_employed,0
64,178445,155343,1,5,104813,salaried,0
60,69897,111202,0,13,112838,salaried,1
33,231980,117341,0,7,85665,contract,1
41,218272,155545,3,25,57829,salaried,1
44,246295,112477,0,12,189940,self_employed,0
32,230332,170792,6,23,100350,self_employed,0
33,79847,22967,4,2,136581,contract,0
31,72733,62622,2,14,12275,salaried,1
65,102094,20192,0,28,58806,salaried,1
54,130705,16304,3,28,161781,self_employed,1
58,222999,84949,1,6,22127,self_employed,1
57,190037,40667,7,12,24779,salaried,0
64,169998,73288,2,12,162919,self_employed,1
25,222633,78811,3,17,65206,salaried,1
60,170325,111766,0,16,58406,self_employed,1
23,110287,170225,1,3,115237,contract,0
42,117925,152890,1,23,43009,salaried,1
47,141329,68096,0,6,13380,salaried,1
37,44973,58605,5,9,5867,contract,1
27,191886,138739,7,26,20466,self_employed,0
29,171875,22257,7,21,35913,contract,0
58,189506,97286,2,12,140743,salaried,1
35,145137,76143,6,28,63100,contract,1
34,201166,32905,4,12,18996,salaried,1
62,238694,110961,0,17,7812,salaried,1
27,153235,57732,0,7,98031,salaried,0
62,124986,33407,4,5,168825,self_employed,0
62,48538,117575,3,15,71045,contract,0
47,200203,31355,0,17,17451,self_employed,1
28,228394,121114,7,24,49475,self_employed,0
28,182385,29177,5,12,102377,salaried,1
33,219754,78257,4,27,41812,salaried,1
46,218770,145439,7,18,195804,salaried,0
27,204572,41156,7,2,153865,salaried,0
41,138148,138173,7,22,72193,salaried,0
26,47469,129943,2,17,190551,contract,0
45,25730,162479,7,12,68379,self_employed,0
21,70989,30397,4,14,32335,self_employed,1
52,121980,128721,5,9,187966,salaried,0
23,192310,168601,6,19,192138,salaried,1
29,127557,137344,1,17,65968,salaried,0
28,30206,33822,3,13,120979,salaried,0
58,72327,147989,1,8,38792,salaried,1
23,245326,19316,2,12,130124,salaried,1
40,247306,105992,3,15,139573,salaried,0
47,109857,89577,6,14,143436,self_employed,0
44,206122,95594,6,9,115903,salaried,0
51,186846,93519,3,18,142303,salaried,1
57,234536,5665,2,7,113235,salaried,0
38,224704,91475,4,15,164863,salaried,0
58,166467,168614,7,3,40019,salaried,0
35,113792,78600,7,14,99276,salaried,0
65,165998,49844,1,24,86197,self_employed,0
43,96805,179067,1,25,109005,salaried,0
54,103320,17818,5,21,32706,contract,0
60,161967,87530,2,23,68146,salaried,1
56,153565,92268,1,2,191058,salaried,0
59,155723,86030,0,10,25525,salaried,0
45,111552,165911,3,20,128885,salaried,0
22,117056,75918,3,24,134605,salaried,1
43,27293,175195,4,18,97531,contract,0
29,160399,12028,1,26,11553,salaried,1
61,154552,132109,5,8,11699,self_employed,0
31,235461,106732,5,4,58749,salaried,0
31,138463,43298,3,2,24990,salaried,1
32,130219,41034,1,18,23374,salaried,1
49,40228,129543,4,20,36223,salaried,0
46,69267,114770,5,8,42191,salaried,0
63,101058,110011,2,24,168503,contract,1
39,109871,9150,2,22,129553,self_employed,0
33,106604,107619,4,11,10929,contract,1
23,113674,176650,2,7,127553,salaried,0
21,198007,3118,3,23,31658,self_employed,1
37,54499,84421,2,20,87106,salaried,0
62,99758,88988,2,5,12418,self_employed,1
44,61646,161416,5,7,22583,contract,0
61,94254,50912,3,15,30856,self_employed,1
25,179027,85601,3,15,89508,contract,0
25,35521,129095,5,5,95301,self_employed,0
58,101382,10859,2,29,73785,salaried,1
25,30329,144196,0,12,125933,self_employed,0
23,239853,147999,6,11,145490,salaried,0
39,188634,129537,0,1,147103,contract,1
62,79809,116673,4,27,117910,self_employed,0
52,69594,134570,2,7,111383,salaried,1
25,47258,140717,1,30,100855,salaried,1
58,131398,162612,0,15,51397,salaried,1
58,194539,77071,7,27,99961,salaried,0
57,156447,82090,3,5,6969,salaried,0
61,223233,114829,2,5,193428,self_employed,0
31,102359,34756,5,24,77168,salaried,0
65,87575,154122,0,25,152478,self_employed,0
35,132562,138693,4,16,191558,salaried,0
57,70470,113592,3,0,101911,salaried,0
47,244521,54297,4,29,173057,salaried,1
56,66797,62581,0,12,98448,contract,1
49,132745,78295,7,29,30796,salaried,0
49,142453,119255,1,26,10163,salaried,1
48,37835,140047,5,26,31446,salaried,0
56,130394,120934,5,21,188790,self_employed,0
54,127308,167388,2,20,97646,salaried,0
27,83374,172906,1,16,67239,self_employed,1
58,53792,126883,2,0,91982,self_employed,0
45,35163,66764,6,12,54908,self_employed,0
35,26930,107833,7,22,174758,salaried,0
44,133336,76515,7,25,199885,salaried,0
64,45214,113238,1,17,21558,salaried,1
59,240850,146182,4,21,145145,salaried,0
58,80068,66480,1,0,70442,self_employed,1
41,171817,91037,5,14,14235,salaried,0
56,176535,8214,3,15,184831,salaried,1
38,136489,132583,5,27,17067,salaried,1
51,223813,88174,5,9,45151,salaried,0
49,49905,82748,7,7,9972,salaried,0
32,77657,95838,3,10,96900,self_employed,1
32,81798,38789,2,5,121926,salaried,0
23,55468,107634,4,17,67531,contract,0
27,91324,134137,1,19,18955,self_employed,1
40,95354,62942,0,24,27650,salaried,1
42,197081,23608,4,30,187011,salaried,1
28,92866,69630,6,2,162154,salaried,0
39,222260,35745,4,7,187697,salaried,1
48,198852,67309,6,9,108507,salaried,0
31,227870,112829,1,7,111481,contract,0
36,48675,20411,3,25,158270,self_employed,0
37,246528,134509,4,4,125245,salaried,0
43,163142,40430,2,0,90106,salaried,0
37,246033,161044,0,26,61919,salaried,1
54,104839,131840,0,29,99674,contract,1
35,239425,49065,7,7,17474,salaried,0
40,157436,101381,4,10,42527,self_employed,0
38,41160,19930,2,15,148805,self_employed,0
29,117278,17953,2,16,174271,salaried,0
51,56003,172089,0,30,24848,salaried,1
31,236788,144438,7,12,23896,salaried,0
34,93505,27796,0,0,21683,contract,1
56,75031,50884,6,13,159358,salaried,0
63,149402,35580,1,17,65688,self_employed,1
51,120661,71129,2,16,68719,self_employed,1
62,46820,52439,2,15,7430,self_employed,0
59,208711,59051,6,28,194657,salaried,0
42,215305,95290,0,25,89637,salaried,1
55,192167,34029,2,7,160502,self_employed,0
35,163770,158909,2,11,142998,salaried,1
41,115575,130977,2,20,32646,contract,0
45,147032,136899,1,12,161263,salaried,1
64,142224,30506,7,13,112309,salaried,0
59,62195,127469,3,5,122840,self_employed,0
43,43408,150524,3,7,44061,salaried,1
50,81982,31532,3,22,170141,salaried,0
30,127225,135230,7,26,186675,salaried,0
57,61070,64383,2,24,84268,salaried,1
45,49000,141765,2,9,23033,self_employed,0
44,216685,86113,2,4,170511,salaried,0
55,109374,144398,2,4,178042,salaried,0
49,156451,26536,0,12,103762,salaried,1
24,142906,70034,4,16,117934,contract,1
33,190404,49217,0,27,48492,salaried,1
28,191458,44705,1,27,18157,contract,1
54,91607,55500,1,0,189109,contract,1
22,215780,68838,2,21,99177,salaried,1
30,108532,22909,6,9,58619,self_employed,0
47,212922,127275,4,6,140181,self_employed,1
52,116092,99043,7,17,10109,salaried,0
43,49973,149269,2,1,20588,salaried,0
59,196004,126905,7,10,52321,self_employed,0
62,31786,26827,0,17,92877,self_employed,1
26,198780,12587,4,8,76504,self_employed,1
63,34711,76105,6,18,41532,contract,0
48,71533,86602,4,14,73513,salaried,1
49,160757,43245,7,24,70113,self_employed,0
25,236847,140798,2,5,107310,contract,1
48,116907,104685,0,1,114735,salaried,0
53,52147,134638,6,16,177210,salaried,0
47,77404,19621,0,7,162322,salaried,1
24,226628,146713,6,21,62006,contract,0
44,188516,37096,5,2,181021,salaried,0
63,47589,80683,6,17,106550,self_employed,0
53,111602,79087,3,30,41597,salaried,1
27,84521,147701,7,2,71327,salaried,1
64,65012,49832,1,9,149644,self_employed,0
64,215458,43335,3,26,165246,salaried,1
28,163985,61133,0,16,77954,contract,0
57,65385,64946,6,5,35732,salaried,0
39,171407,32703,5,6,42418,contract,0
47,118053,31744,6,23,25184,salaried,1
41,38832,41641,6,26,141254,contract,0
56,126218,84147,2,11,103084,self_employed,0
65,66677,61804,0,14,92981,salaried,1
56,80183,70571,7,24,136018,salaried,0
62,222775,129430,3,5,166590,salaried,1
63,184805,43367,0,6,160128,self_employed,1
25,55170,163781,7,24,31743,self_employed,0
32,216551,135321,7,5,119977,salaried,0
53,154219,31443,3,23,177091,salaried,0
47,221780,56492,6,15,155901,self_employed,0
23,193092,33039,0,30,69235,salaried,1
25,101347,49105,0,1,81578,self_employed,1
44,145345,65789,2,29,178589,salaried,1
48,144441,23560,5,6,11409,self_employed,0
28,186987,2598,1,1,107457,contract,1
28,80891,78988,0,22,27639,salaried,1
26,99945,126179,5,16,179445,salaried,0
46,80079,54533,6,25,12550,salaried,0
21,91632,154883,5,3,9561,salaried,0
46,61282,66469,6,2,69144,salaried,0
42,33222,162144,6,17,44032,contract,0
41,236505,42479,4,27,101621,self_employed,1
51,41721,97080,4,12,63416,salaried,1
44,224798,137368,6,24,74482,self_employed,0
53,25692,10627,2,28,115160,salaried,1
55,199906,167401,0,26,114317,self_employed,1
62,98891,65692,6,15,187312,salaried,0
56,141474,89628,2,21,98719,self_employed,0
44,88499,113119,7,16,115025,contract,0
43,135387,115740,3,20,137199,self_employed,1
31,126601,4260,6,17,38975,contract,1
47,144193,156091,0,16,135058,salaried,0
27,113489,112249,5,13,173073,self_employed,0
62,145728,179790,3,20,67022,salaried,1
59,210728,84872,3,23,39776,self_employed,1
26,122777,110433,2,28,72512,salaried,0
56,106309,79391,7,19,58632,salaried,0
26,54644,160161,3,3,119104,salaried,0
53,105936,149830,6,18,173429,salaried,0
24,53274,163550,3,9,121304,self_employed,0
42,66063,90771,0,0,29474,self_employed,0
50,239257,142462,7,2,66366,contract,0
53,45118,64583,1,18,139417,salaried,1
39,133457,82968,2,29,69412,contract,0
62,212718,136839,6,15,119346,salaried,0
55,239472,14607,7,13,140339,salaried,1
30,58010,127888,7,2,69188,self_employed,0
51,61804,2845,3,20,131245,salaried,0
53,108834,104517,6,1,82633,salaried,0
36,149744,85896,2,26,31335,salaried,1
54,240957,84362,5,25,77575,salaried,1
61,71736,88977,4,30,91003,self_employed,1
57,61989,88548,0,8,5465,salaried,0
55,81966,73325,3,5,179078,salaried,0
49,221722,81244,3,9,107939,salaried,0
33,31762,102270,2,24,12079,salaried,0
56,110530,137424,2,6,174259,self_employed,0
37,51764,99389,4,27,171757,contract,0
44,60341,115654,0,4,7349,self_employed,0
35,231291,150591,1,1,36819,contract,0
35,25373,178113,6,6,75940,salaried,0
28,97345,19558,2,23,103913,self_employed,1
64,230971,128327,4,18,146524,salaried,1
27,161829,40532,4,10,87746,salaried,1
24,41144,35420,4,20,124285,self_employed,0
63,129628,142741,3,20,6975,salaried,1
45,243463,12364,3,17,133415,contract,1
40,115101,152611,6,15,183503,self_employed,0
54,143942,138698,7,3,107611,contract,0
38,144674,179069,2,8,93710,salaried,0
26,173601,120230,5,16,62938,salaried,0
53,67128,157125,7,4,191083,self_employed,0
28,213929,21336,0,14,11474,salaried,1
45,247436,160182,6,3,60915,salaried,0
63,57074,28858,3,24,32048,self_employed,1
63,209120,56582,7,3,173924,contract,0
37,208805,23074,4,2,99108,self_employed,0
56,191864,72299,6,19,184866,salaried,0
48,108447,134820,1,6,134706,salaried,0
42,130471,48255,1,10,113582,self_employed,1
27,213823,147995,7,9,105907,salaried,0
37,59397,109134,4,6,44522,salaried,0
50,211468,113207,4,23,114599,salaried,1
65,232150,168985,1,21,138623,salaried,1
21,178421,77732,1,7,193243,salaried,1
53,101812,62035,6,21,112051,salaried,0
59,150809,179020,2,22,188074,self_employed,0
63,36274,100260,4,16,189184,salaried,0
40,234656,110629,2,17,106898,self_employed,0
26,102041,53334,2,28,90658,salaried,0
33,37847,38778,1,14,32827,contract,0
59,203753,30564,7,11,57360,salaried,0
60,172951,40240,7,16,176424,salaried,0
49,165110,35133,0,25,31966,salaried,1
26,37171,134410,2,21,82426,salaried,0
26,193939,10430,4,2,141234,salaried,0
42,168397,113289,3,14,51921,self_employed,0
47,203568,170873,5,22,194952,contract,0
22,211150,137800,2,6,131650,salaried,0
51,72689,72518,0,30,10527,salaried,1
45,72394,10692,2,25,53198,self_employed,1
21,232852,150142,4,26,149387,self_employed,0
25,144481,566,1,2,173323,salaried,1
41,123548,122639,6,17,185752,self_employed,0
53,89620,120771,0,16,170979,salaried,0
58,168778,34546,0,19,19582,self_employed,1
40,194641,133177,4,26,147289,salaried,0
34,25519,31583,4,10,26483,salaried,0
64,149344,40616,2,16,19927,salaried,0
41,248508,146158,2,21,139932,self_employed,1
35,88144,176244,0,23,98242,salaried,0
40,88201,47648,5,23,131353,self_employed,0
21,222580,165841,3,10,171040,self_employed,0
34,38964,164392,0,30,18421,self_employed,1
44,114442,138494,3,0,107869,salaried,0
62,128109,25210,7,15,167713,salaried,0
54,204523,53895,2,18,90857,salaried,1
56,54031,121988,7,1,107068,self_employed,0
45,122663,179860,2,13,102081,contract,1
25,59273,146606,1,18,181904,salaried,0
38,202218,75648,2,18,14729,contract,1
65,167264,42346,2,3,176209,salaried,0
22,136766,172861,0,8,164195,salaried,1
60,113409,49717,4,7,163439,salaried,0
51,59464,61599,2,19,85396,self_employed,1
33,232417,173614,5,10,105600,salaried,0
56,170724,101100,3,17,76952,salaried,0
58,96810,47627,3,22,54083,self_employed,1
22,118136,962,3,24,175710,salaried,1
25,188391,77392,1,5,103665,salaried,0
50,186902,177481,5,28,146053,salaried,0
65,128747,77853,0,5,24658,salaried,1
22,93152,125915,5,0,158841,salaried,0
50,173489,45546,7,1,133475,salaried,0
27,173103,139611,6,6,199535,self_employed,0
50,159932,139643,3,27,31125,salaried,0
49,41391,109494,2,6,110308,self_employed,1
25,131376,138933,6,21,104679,salaried,0
51,163132,104188,2,12,109988,salaried,0
61,238764,68097,3,1,15604,salaried,0
59,143252,132819,6,13,97259,salaried,1
22,102110,150323,7,0,63405,salaried,0
32,150053,151391,7,14,125384,salaried,0
31,64878,38353,0,17,50255,contract,1
41,45406,121787,7,16,89835,self_employed,0
27,177571,775,0,8,125906,salaried,1
59,246892,102960,4,23,17488,salaried,1
55,215352,102810,7,18,158424,salaried,0
57,156324,65429,5,7,144568,self_employed,0
29,34057,178934,7,13,16174,salaried,0
21,247294,158933,2,3,17623,salaried,1
61,126167,6956,2,28,170806,salaried,1
34,90174,37590,2,23,60249,salaried,1
50,225810,37439,2,8,172850,salaried,0
61,192941,161561,5,20,102354,contract,0
22,193664,93405,3,21,71742,contract,1
21,87494,131198,5,18,58344,salaried,0
21,248157,145790,3,1,133506,salaried,1
28,126895,138172,2,27,26396,salaried,1
23,144568,16027,1,29,83509,salaried,1
57,193966,25260,4,30,72442,salaried,1
48,173499,71142,7,30,35067,salaried,1
65,63764,60908,6,28,73800,self_employed,0
57,93058,134474,2,22,108089,contract,0
64,106267,28122,3,1,137125,self_employed,0
31,238196,66878,5,14,21840,self_employed,1
33,185764,42583,4,7,175118,salaried,1
59,107425,33990,0,6,176302,salaried,1
32,190313,31104,4,25,139936,salaried,0
23,191165,35189,0,25,185237,self_employed,1
51,113700,101587,0,16,88449,salaried,1
57,115706,73809,5,22,165215,self_employed,0
64,226216,78352,0,4,146817,salaried,1
62,151409,86295,2,6,114693,salaried,1
26,58641,133391,4,26,40003,salaried,0
55,186951,155127,5,13,113732,contract,1
59,157653,94758,3,16,180764,salaried,1
52,139510,115606,0,14,196999,salaried,0
57,188149,132941,6,6,92373,salaried,0
58,229095,124273,7,25,53341,self_employed,0
41,99348,24167,7,23,150764,contract,0
22,119343,176938,5,21,19810,salaried,0
41,67636,29666,3,10,34463,contract,0
30,170591,74132,7,19,114579,salaried,0
26,115611,117469,3,29,198090,self_employed,0
26,102031,72604,1,20,69113,salaried,1
52,181718,43763,6,15,91448,salaried,0
43,116835,166203,2,8,67856,self_employed,0
45,129483,12875,7,16,90898,salaried,1
54,124011,44257,2,11,6381,salaried,1
45,83171,178740,6,18,120971,self_employed,0
49,53306,131367,4,1,121267,contract,0
24,211128,15655,3,5,66535,salaried,0
59,45637,135823,2,24,56486,self_employed,0
41,98098,174512,6,11,153513,self_employed,0
27,175185,17601,0,13,41632,salaried,1
57,54541,74529,3,16,14178,contract,0
54,172492,84282,2,13,12884,salaried,1
23,189940,23582,4,23,176942,self_employed,1
29,174155,36101,2,7,76050,salaried,1
21,93632,31275,5,23,24857,salaried,0
33,29447,33367,3,6,176399,salaried,0
25,224655,72635,1,11,33981,salaried,1
52,98473,83489,1,18,70651,contract,1
44,206127,42837,5,27,9034,contract,1
65,69507,52097,2,7,137420,salaried,0
54,61542,34602,2,18,141364,salaried,0
48,200084,143291,5,1,152527,salaried,0
43,236440,38115,2,2,56293,salaried,1
23,218642,163369,3,23,68979,salaried,0
24,194031,96994,1,22,187934,contract,0
48,80503,144490,2,11,165220,self_employed,1
21,230473,114551,5,19,12245,salaried,0
22,175266,47885,4,11,139917,salaried,1
30,63737,108245,7,8,163485,self_employed,0
60,54106,49344,6,13,114052,salaried,0
41,221012,21341,0,9,129782,salaried,1
52,86909,45851,3,25,5193,salaried,1
39,197326,49615,2,12,10860,salaried,0
28,56197,24306,4,9,11842,salaried,0
37,88121,4249,2,16,36000,self_employed,1
25,88792,169884,7,23,198219,salaried,0
55,88248,92416,2,8,128699,self_employed,0
29,176816,72369,4,29,157546,salaried,0
37,230738,167392,0,14,62639,contract,0
65,229824,40444,7,20,187826,salaried,0
47,191849,72517,7,29,43788,salaried,1
41,70567,152401,6,13,180950,salaried,0
45,241131,113766,2,6,11004,salaried,0
56,146968,71855,0,23,8986,salaried,0
32,147843,46049,5,0,20385,self_employed,1
49,182813,6321,3,14,159411,salaried,1
60,198047,15309,7,30,55212,salaried,0
46,239408,29149,5,12,92973,salaried,1
41,156035,141592,4,21,96906,self_employed,1
27,162264,115065,7,16,158964,contract,0
32,192744,78024,6,6,73003,self_employed,0
63,82399,140923,3,9,6309,salaried,0
45,94235,28940,0,16,80363,self_employed,1
34,165733,37968,0,3,61199,self_employed,1
39,39428,70691,3,12,147522,salaried,0
47,97110,165132,4,12,151508,salaried,0
45,186549,110562,0,25,22931,self_employed,1
52,244629,153180,1,3,159639,salaried,0
32,141887,44669,5,26,18745,self_employed,0
50,114927,152709,6,12,125844,salaried,0
40,124085,13046,0,20,80910,salaried,1
63,179221,40979,4,17,63745,salaried,0
28,147507,94145,0,9,99221,self_employed,1
27,30226,9096,5,28,65521,contract,0
41,146329,154488,6,6,159804,salaried,0
43,115014,156137,6,1,193519,salaried,0
52,182681,97464,4,23,164081,salaried,0
39,221900,55044,5,19,90646,salaried,0
62,241551,17813,7,27,103141,contract,0
42,162301,111405,4,14,92189,salaried,0
26,106576,96781,3,0,159741,salaried,0
26,124887,136794,6,0,112705,salaried,0
64,64704,108456,4,13,96284,contract,0
27,235586,23092,6,7,84853,salaried,0
63,215645,21917,4,28,78134,self_employed,0
33,217147,140551,6,3,112771,salaried,0
25,98828,28624,0,27,139354,salaried,1
34,97498,168933,0,6,89305,self_employed,0
48,217738,19070,0,3,162299,salaried,1
40,147523,131108,4,8,166210,self_employed,0
56,183548,175542,5,4,88670,salaried,1
48,135210,79420,1,12,182265,self_employed,0
39,124623,10208,1,10,38743,self_employed,1
49,167246,157802,6,16,186762,self_employed,0
64,207921,33715,6,16,62349,salaried,1
39,100175,94942,5,0,115038,self_employed,1
27,207058,177217,3,3,60299,contract,1
39,79946,134059,3,5,91219,salaried,0
58,115636,8337,0,6,71312,salaried,1
30,230352,147691,1,2,142522,self_employed,0
63,239752,29023,7,9,20832,salaried,1
47,232872,134884,2,17,168473,self_employed,1
48,96110,111772,5,9,181250,self_employed,0
35,214748,51814,5,10,114782,salaried,0
62,235620,76250,2,14,111719,salaried,1
22,245096,21212,1,17,141496,salaried,1
34,29703,177622,5,10,43819,salaried,0
39,192623,42901,0,6,151197,contract,0
42,249268,55562,3,12,47641,salaried,1
42,197050,90517,7,0,136897,salaried,0
27,77464,121029,5,15,64588,self_employed,0
31,196583,90950,6,29,150496,salaried,1
25,48680,90925,0,12,159256,self_employed,0
46,133137,104876,1,3,45686,salaried,0
36,165901,154386,2,21,125400,salaried,0
46,127702,71118,2,3,102183,salaried,1
47,182463,149784,1,6,62338,self_employed,0
52,79051,141641,7,4,119712,self_employed,0
45,161400,172982,1,27,198570,self_employed,0
50,170084,164368,5,30,5483,contract,0
47,167604,143673,4,17,191591,self_employed,0
50,90097,44410,4,19,171913,self_employed,0
48,93711,139374,1,20,108228,salaried,0
35,83007,132574,2,18,123955,contract,0
32,128900,52110,4,16,76992,self_employed,0
56,156841,122035,2,30,30181,contract,1
36,106570,45534,5,22,116438,salaried,0
45,117246,94156,0,2,164190,salaried,0
29,89442,143415,0,12,50066,self_employed,1
40,74242,33935,5,30,144826,salaried,1
44,172924,60651,4,12,150870,salaried,0
49,208613,143142,0,6,152869,contract,0
44,90408,81682,7,26,71300,salaried,0
37,218629,172913,0,19,81448,salaried,0
64,153470,1432,7,17,86161,salaried,0
44,62732,129931,5,13,171570,salaried,0
57,107350,146556,7,3,180588,self_employed,0
54,26689,165215,7,11,85735,contract,0
46,33813,28215,2,13,194146,contract,0
60,100629,177154,6,28,116249,self_employed,0
26,127254,70610,1,9,80086,self_employed,1
62,204440,63369,3,4,5125,salaried,0
59,55218,63997,1,13,124160,contract,0
43,213814,114880,3,30,130750,salaried,0
54,77767,118673,6,14,193835,salaried,0
44,56124,85308,3,11,145044,contract,0
33,182476,12786,0,20,10786,contract,1
56,199226,177594,2,20,115586,salaried,1
32,161105,39978,6,9,149842,self_employed,0
35,51033,16885,4,30,101829,salaried,0
44,50952,107529,4,18,88723,salaried,0
58,112764,74227,3,1,162938,salaried,0
38,126385,110802,2,12,124218,salaried,1
43,249688,157597,4,28,137868,salaried,1
22,89457,17518,5,12,95500,salaried,0
26,68333,51129,7,17,59224,salaried,0
23,237828,92983,4,18,106223,salaried,0
24,59641,141803,7,21,192020,contract,0
60,30940,108116,6,27,122521,self_employed,0
58,120130,68901,0,4,142917,contract,1
57,115243,109811,3,16,29206,salaried,1
23,164426,176397,3,16,197649,self_employed,0
24,222491,86410,0,4,52717,self_employed,1
33,234903,159036,1,20,194396,salaried,1
46,90169,140392,6,3,91923,salaried,0
36,245685,54237,2,14,184188,salaried,0
42,167349,44910,1,10,178904,salaried,0
28,40669,138635,2,4,152298,salaried,0
53,236151,37346,2,25,183700,salaried,1
35,56049,60634,1,7,123839,salaried,0
23,157434,42371,0,7,170511,self_employed,1
54,202916,109145,6,26,38573,salaried,1
61,81123,52945,6,27,18705,salaried,0
21,85892,118527,3,1,110954,self_employed,0
40,132140,168272,4,8,162921,salaried,0
58,224091,149328,7,21,154249,salaried,0
52,75310,170632,6,24,107940,salaried,0
59,174277,4401,0,30,106567,salaried,1
39,126833,81982,7,17,123920,salaried,0
37,50165,39628,0,0,174307,salaried,0
52,184947,165217,0,27,169155,salaried,1
27,212319,128145,3,4,26383,contract,0
31,154518,57640,5,3,121170,contract,0
48,64680,101434,0,20,79283,salaried,1
51,60038,108978,2,18,160886,salaried,1
26,120286,89209,2,1,103663,salaried,0
43,138944,85383,3,5,198312,self_employed,0
37,149242,9937,7,18,89303,self_employed,0
43,79822,81443,2,7,137427,salaried,1
64,137672,62690,1,21,26174,salaried,1
24,91393,147285,0,12,186811,salaried,1
65,179387,155718,1,18,34938,contract,0
41,204207,135075,1,14,78782,contract,1
55,171855,5560,4,11,168336,salaried,0
40,25280,151421,3,10,193647,salaried,0
34,248210,71358,3,21,99455,salaried,1
55,30347,74946,6,15,99521,self_employed,0
51,249870,170127,4,18,14500,contract,1
27,32149,156114,1,17,195881,salaried,0
52,141203,9158,3,6,8215,salaried,0
54,48843,64770,2,28,10086,salaried,0
38,46419,134947,6,17,97328,salaried,0
62,178764,96993,2,22,5708,self_employed,0
49,188765,46370,1,27,37054,salaried,1
36,51603,94460,5,28,127406,contract,0
21,244750,155990,3,20,142500,salaried,1
51,97104,40192,0,24,63144,salaried,1
30,96623,134292,5,14,160088,salaried,0
55,91820,132257,1,22,123505,salaried,1
44,128772,159427,6,9,49518,salaried,0
42,65012,53629,6,22,143927,self_employed,0
28,120575,38866,2,2,120475,salaried,0
53,72246,98578,4,28,163362,salaried,0
28,36569,95633,4,7,35116,salaried,0
39,107966,73716,5,20,50016,salaried,0
58,176260,140269,0,0,64198,contract,1
62,196695,143829,2,4,71576,contract,1
65,104501,44226,1,30,178316,salaried,1
64,97843,143196,5,25,147846,self_employed,0
46,202180,41534,0,6,111099,self_employed,0
30,178268,73374,4,4,110389,contract,0
58,212227,4892,5,25,177749,salaried,1
57,228873,61271,7,30,92125,salaried,1
65,209777,172533,2,5,48923,salaried,1
50,235710,79661,0,20,31695,contract,1
27,118750,127803,5,8,69355,self_employed,1
43,113801,19426,0,23,132392,salaried,0
41,97348,114401,0,12,96836,salaried,0
58,77925,66883,7,3,87248,self_employed,0
38,193485,133919,6,10,98616,contract,0
35,185752,167044,5,16,195101,salaried,1
24,205313,95690,6,24,199542,self_employed,0
58,62663,18509,0,0,36452,salaried,1
54,135533,85704,0,29,27316,salaried,1
22,74940,22159,2,20,52640,salaried,1
40,225932,80916,0,27,171134,self_employed,1
42,85167,11006,7,28,94605,contract,0
42,57379,115279,0,4,173418,salaried,1
62,153220,55881,4,2,131117,salaried,1
27,222791,36276,6,24,112874,salaried,0
34,231040,3114,5,5,59895,salaried,1
29,46621,159851,1,4,72087,salaried,0
31,98326,150696,3,14,33805,salaried,0
61,59543,146116,4,28,106249,salaried,0
63,94270,10464,6,24,59673,salaried,1
23,145114,62921,3,16,62031,salaried,1
49,88128,174843,2,6,12711,self_employed,0
31,40191,104150,6,10,160826,salaried,0
29,139757,23129,7,21,188156,self_employed,0
34,36881,25385,3,4,102164,contract,0
29,76006,47360,0,16,109526,salaried,1
43,25116,175023,4,0,185540,salaried,0
65,44534,30530,7,10,104739,salaried,0
47,123171,162521,7,7,126425,self_employed,0
53,216411,122043,3,21,88479,salaried,0
43,199291,165942,1,28,105292,salaried,1
21,47236,148683,4,4,106764,salaried,0
24,32838,59789,6,24,143659,salaried,1
33,101069,149022,7,20,122817,salaried,0
31,171758,30444,0,30,103267,self_employed,1
58,193015,52374,2,28,19789,salaried,1
58,210204,38119,3,3,181379,salaried,1
59,101996,23970,0,23,178215,self_employed,0
49,62800,16200,7,18,40967,salaried,0
46,30928,33732,0,3,62196,self_employed,0
50,58044,21620,5,7,194803,salaried,1
39,39661,68476,7,28,67607,salaried,0
51,218681,12834,5,16,163377,contract,1
56,85393,11029,6,10,158221,salaried,0
55,210203,178169,2,9,172843,salaried,1
48,149461,15785,6,25,8120,contract,1
23,146262,13330,3,8,99167,self_employed,0
53,127328,5419,0,4,115275,self_employed,1
37,209320,23857,2,17,168255,salaried,1
54,34776,95025,2,30,48771,salaried,0
45,45870,148906,4,5,64821,self_employed,0
60,120262,132281,2,7,40080,salaried,0
36,113758,104443,3,14,153580,salaried,0
62,147759,15304,3,6,199781,self_employed,1
59,191005,139395,2,20,32387,salaried,0
35,157198,6705,5,7,50457,salaried,1
42,82926,113564,2,3,64875,salaried,0
44,98640,73680,6,8,178361,salaried,0
55,194274,158792,2,28,91918,self_employed,0
52,70330,55356,6,28,59977,contract,0
59,138440,114924,2,15,67852,salaried,0
37,146228,79199,0,12,121633,salaried,1
43,193810,93983,1,25,80468,salaried,1
40,185730,168984,6,6,32380,salaried,0
61,129553,128295,6,20,164921,salaried,1
34,94562,74620,1,21,87335,contract,1
47,107778,80531,4,22,55052,salaried,0
26,117608,126823,4,6,147045,salaried,0
59,74317,62291,1,22,150330,contract,1
38,165717,30214,3,18,35232,salaried,1
36,71885,84177,5,27,19373,contract,0
47,170953,12280,7,5,13855,salaried,1
43,194086,30548,6,19,154319,salaried,1
59,241414,75727,0,25,127020,contract,1
44,51754,143383,1,8,159445,salaried,0
44,195940,140655,3,23,127149,salaried,0
25,44346,46926,1,3,83331,salaried,1
21,100881,75947,4,22,119964,self_employed,0
38,64665,27635,0,18,145883,salaried,1
65,61514,135944,0,5,82775,salaried,0
62,64453,44343,0,2,183452,self_employed,0
49,34886,143915,2,23,180424,self_employed,0
49,210200,151573,6,7,161139,salaried,1
38,38753,124036,1,15,198492,salaried,0
28,114664,59436,7,1,81137,salaried,0
21,182312,171524,2,29,27250,salaried,0
36,247838,123489,0,17,99422,salaried,1
35,217084,116251,2,28,150449,salaried,0
29,55872,154154,5,4,156975,salaried,0
32,247242,158665,0,6,80761,salaried,1
22,172047,13994,0,18,62056,self_employed,1
48,65403,158679,6,18,91867,salaried,0
62,125964,137705,4,24,161757,contract,0
52,231524,37174,2,28,16816,contract,1
41,113406,55380,6,25,68974,self_employed,0
39,66318,135480,6,4,49826,contract,0
34,221894,38992,2,9,162168,contract,1
27,239420,81435,4,28,96583,salaried,1
47,244509,124002,0,17,21926,self_employed,1
46,240035,117088,2,26,56048,salaried,0
21,221394,163764,4,17,13657,self_employed,1
39,127260,20076,1,1,97733,salaried,1
33,68267,53103,7,14,199547,salaried,0
28,163860,177279,7,25,115610,salaried,0
52,74679,102390,2,20,174545,contract,0
44,131460,44767,3,4,149806,salaried,0
49,172617,52170,1,6,177156,salaried,1
53,237981,61058,4,26,65648,salaried,1
65,90044,99771,0,30,190500,salaried,0
57,81680,51217,3,23,51535,self_employed,0
48,190313,111935,4,3,90472,self_employed,0
